antecedents,consequents,support,confidence,lift
frozenset({'P00270'}),frozenset({'P00442'}),0.08923643054277829,0.9440389294403893,10.16010214160102
frozenset({'P00442'}),frozenset({'P00270'}),0.08923643054277829,0.9603960396039604,10.16010214160102
frozenset({'P00387'}),frozenset({'P00271'}),0.09383624655013799,0.9784172661870503,9.824845896954491
frozenset({'P00271'}),frozenset({'P00387'}),0.09383624655013799,0.9422632794457274,9.824845896954491
