ClusterEnhanced,Recency,Frequency,MonetaryLog,RecencyScore,AvgInvoiceLog,CategoryVariety,MallDiversity,PaymentDiversity,CategoryConcentration,AvgInterpurchaseDays
0,139.7542043984476,4.628719275549806,10.803977292186767,0.0296077771879037,8.219430061501251,4.646830530401035,2.8615782664941785,1.0,0.3577453102418262,133.57739621310125
1,254.58510638297872,2.047872340425532,9.179608314364579,0.012110658177142533,7.622369559855763,3.0691489361702127,1.6356382978723405,1.0,0.5091769194162812,215.88209219858157
