Cluster,Recency,Frequency,Monetary,AvgInvoice,CategoryVariety
0,111.93169877408056,5.049036777583187,70748.379089317,4559.563551386899,4.704028021015762
1,241.939446366782,2.5346020761245676,20595.93795847751,2909.799195054616,3.56401384083045
