cluster,customers,avg_recency,avg_frequency,avg_monetary,median_monetary
0,753,111.64940239043824,4.602921646746348,16464.067463479416,14719.15
1,396,305.1287878787879,2.227272727272727,5132.999267676768,4550.200000000001
